{"btc":0.00560347,"eth":0.18201148,"ltc":7.45551783,"bch":0.84219712,"xrp":265.54072032,"xlm":2439.61111111,"link":44.2385515,"dot":284.94581792,"yfi":0.15274087,"sol":4.20139686,"usdt":439.62677826}