{"btc":0.00512258,"eth":0.17278868,"ltc":6.27257094,"bch":0.68762372,"xrp":253.6967741,"xlm":2208.45114767,"link":39.88413645,"dot":253.95112442,"yfi":0.13148882,"sol":3.96381221,"usdt":365.56154663}