{"btc":0.00519275,"eth":0.17431754,"ltc":6.53440116,"bch":0.64453581,"xrp":253.54002613,"xlm":2184.76144109,"link":40.80486749,"dot":271.80496669,"yfi":0.11751227,"sol":4.21262614,"usdt":359.16880934}