{"btc":0.00468784,"eth":0.15643276,"ltc":6.03882245,"bch":0.61861052,"xrp":227.6485358,"xlm":2054.39409114,"link":37.21619547,"dot":249.89340643,"yfi":0.10789283,"sol":3.78252852,"usdt":328.40704423}