{"btc":0.00462888,"eth":0.15314425,"ltc":5.97448137,"bch":0.61375252,"xrp":225.67335164,"xlm":2027.47492368,"link":36.63654806,"dot":245.01581087,"yfi":0.10645404,"sol":3.71580269,"usdt":325.64166708}