{"btc":0.00473702,"eth":0.16211713,"ltc":6.14080299,"bch":0.63250625,"xrp":232.76588214,"xlm":2076.58693071,"link":38.29719339,"dot":257.97442535,"yfi":0.10788714,"sol":3.89574695,"usdt":328.87288729}