{"btc":0.00512403,"eth":0.17581486,"ltc":6.4218134,"bch":0.65110392,"xrp":251.4092115,"xlm":2172.46897743,"link":40.72941235,"dot":267.65511306,"yfi":0.11260369,"sol":4.28630497,"usdt":342.32620508}