{"btc":0.00501183,"eth":0.17148742,"ltc":6.30865145,"bch":0.65722736,"xrp":241.3228841,"xlm":2116.00823575,"link":39.67121397,"dot":259.83250375,"yfi":0.11021113,"sol":4.25942235,"usdt":329.12342504}