{"btc":0.00462742,"eth":0.15370316,"ltc":5.96547945,"bch":0.61197302,"xrp":225.88386633,"xlm":2030.9420024,"link":36.56472295,"dot":246.07097114,"yfi":0.1061456,"sol":3.73524703,"usdt":326.83878715}