{"btc":0.00466601,"eth":0.16014206,"ltc":6.05507356,"bch":0.62206204,"xrp":229.31428571,"xlm":2045.63556541,"link":37.79315476,"dot":252.25111967,"yfi":0.10676422,"sol":3.86283239,"usdt":321.16846739}