{"btc":0.00516262,"eth":0.17324453,"ltc":6.45840901,"bch":0.63378901,"xrp":251.65956604,"xlm":2143.4469955,"link":40.33035506,"dot":264.9579018,"yfi":0.11586836,"sol":4.19389079,"usdt":355.77788894}