{"btc":0.0047848,"eth":0.16332079,"ltc":6.18632031,"bch":0.63808092,"xrp":234.30278236,"xlm":2110.7568705,"link":38.39560358,"dot":259.10300564,"yfi":0.10864129,"sol":3.93427621,"usdt":331.2519388}